"tablescraper-selected-row","tablescraper-selected-row 2","tablescraper-selected-row 3","hm","tablescraper-selected-row 4","hm 2","hx","hm 3"
"50.174.145.8","80","US","United States","anonymous","no","no","15 secs ago"
"50.228.141.98","80","US","United States","anonymous","no","no","15 secs ago"
"123.30.154.171","7777","VN","Vietnam","anonymous","no","no","15 secs ago"
"50.169.23.170","80","US","United States","anonymous","no","no","15 secs ago"
"159.203.3.234","80","CA","Canada","elite proxy","no","no","15 secs ago"
"167.71.41.76","8080","DE","Germany","elite proxy","","no","15 secs ago"
"47.243.114.192","8180","HK","Hong Kong","anonymous","no","no","15 secs ago"
"41.77.188.131","80","GN","Guinea","elite proxy","","no","15 secs ago"
"128.199.202.122","8080","SG","Singapore","anonymous","no","no","15 secs ago"
"194.182.178.90","3128","BG","Bulgaria","anonymous","","no","15 secs ago"
"178.128.200.87","80","DE","Germany","elite proxy","no","no","15 secs ago"
"50.221.74.130","80","US","United States","anonymous","no","no","15 secs ago"
"190.58.248.86","80","TT","Trinidad and Tobago","anonymous","no","no","15 secs ago"
"20.206.106.192","80","BR","Brazil","elite proxy","no","no","15 secs ago"
"194.67.91.153","80","RU","Russian Federation","elite proxy","yes","no","15 secs ago"
"50.168.72.117","80","US","United States","anonymous","no","no","15 secs ago"
"165.227.0.192","80","US","United States","elite proxy","","no","15 secs ago"
"143.110.190.83","8080","IN","India","elite proxy","no","no","15 secs ago"
"129.150.39.9","80","SG","Singapore","anonymous","","no","15 secs ago"
"38.180.104.127","8080","TR","Turkey","anonymous","","no","15 secs ago"
"181.65.200.53","80","PE","Peru","elite proxy","","no","15 secs ago"
"51.124.209.11","80","NL","Netherlands","anonymous","","no","15 secs ago"
"50.204.219.224","80","US","United States","anonymous","no","no","15 secs ago"
"82.180.163.163","80","US","United States","elite proxy","no","no","15 secs ago"
"107.1.93.212","80","US","United States","anonymous","no","no","15 secs ago"
"50.171.68.130","80","US","United States","anonymous","no","no","15 secs ago"
"50.168.210.234","80","US","United States","anonymous","no","no","15 secs ago"
"50.217.226.45","80","US","United States","anonymous","no","no","15 secs ago"
"103.127.1.130","80","BD","Bangladesh","anonymous","no","no","15 secs ago"
"138.68.235.51","80","US","United States","elite proxy","","no","15 secs ago"
"50.171.32.226","80","US","United States","anonymous","no","no","15 secs ago"
"82.65.126.192","88","FR","France","elite proxy","no","no","15 secs ago"
"84.39.112.144","3128","CH","Switzerland","anonymous","no","no","15 secs ago"
"117.54.114.99","80","ID","Indonesia","anonymous","no","no","15 secs ago"
"50.174.7.154","80","US","United States","anonymous","no","no","15 secs ago"
"50.202.75.26","80","US","United States","anonymous","no","no","15 secs ago"
"157.245.97.60","80","IN","India","elite proxy","no","no","15 secs ago"
"64.201.163.133","80","CA","Canada","anonymous","no","no","15 secs ago"
"50.168.72.122","80","US","United States","anonymous","no","no","15 secs ago"
"20.210.113.32","80","JP","Japan","elite proxy","no","no","15 secs ago"
"50.168.210.232","80","US","United States","anonymous","no","no","15 secs ago"
"50.204.190.234","80","US","United States","anonymous","no","no","15 secs ago"
"50.231.104.58","80","US","United States","anonymous","no","no","15 secs ago"
"50.222.245.46","80","US","United States","anonymous","no","no","15 secs ago"
"188.166.56.246","80","NL","Netherlands","elite proxy","","no","15 secs ago"
"50.173.140.148","80","US","United States","anonymous","no","no","15 secs ago"
"50.168.72.116","80","US","United States","anonymous","no","no","15 secs ago"
"91.206.229.251","3128","FR","France","elite proxy","no","yes","15 secs ago"
"213.233.177.134","80","IR","Iran","anonymous","yes","no","15 secs ago"
"50.222.245.50","80","US","United States","anonymous","no","no","15 secs ago"
"50.168.163.177","80","US","United States","anonymous","no","no","15 secs ago"
"167.99.185.219","8888","CA","Canada","anonymous","yes","no","15 secs ago"
"72.10.164.178","10801","CA","Canada","elite proxy","no","yes","15 secs ago"
"189.240.60.168","9090","MX","Mexico","elite proxy","","no","15 secs ago"
"50.171.32.231","80","US","United States","anonymous","no","no","15 secs ago"
"162.223.94.163","80","US","United States","anonymous","no","no","15 secs ago"
"41.230.216.70","80","TN","Tunisia","anonymous","no","no","15 secs ago"
"43.156.0.125","8888","SG","Singapore","anonymous","no","no","15 secs ago"
"139.162.78.109","3128","JP","Japan","anonymous","no","no","15 secs ago"
"50.207.253.118","80","US","United States","anonymous","no","no","15 secs ago"
"50.217.226.40","80","US","United States","anonymous","no","no","15 secs ago"
"50.200.12.81","80","US","United States","anonymous","no","no","15 secs ago"
"50.174.7.155","80","US","United States","anonymous","no","no","15 secs ago"
"134.209.29.120","8080","GB","United Kingdom","anonymous","no","no","15 secs ago"
"50.218.57.70","80","US","United States","anonymous","no","no","15 secs ago"
"50.206.25.106","80","US","United States","anonymous","no","no","15 secs ago"
"50.204.219.225","80","US","United States","anonymous","no","no","15 secs ago"
"50.217.226.46","80","US","United States","anonymous","no","no","15 secs ago"
"50.174.7.159","80","US","United States","anonymous","no","no","15 secs ago"
"20.24.43.214","80","SG","Singapore","elite proxy","no","no","15 secs ago"
"139.59.1.14","8080","IN","India","anonymous","no","no","15 secs ago"
"138.68.60.8","8080","US","United States","anonymous","no","no","15 secs ago"
"69.70.244.34","80","CA","Canada","anonymous","yes","no","15 secs ago"
"50.206.25.104","80","US","United States","anonymous","no","no","15 secs ago"
"190.103.177.131","80","AR","Argentina","anonymous","no","no","15 secs ago"
"50.206.25.108","80","US","United States","anonymous","no","no","15 secs ago"
"80.120.130.231","80","AT","Austria","anonymous","no","no","15 secs ago"
"68.185.57.66","80","US","United States","anonymous","no","no","15 secs ago"
"61.72.254.69","8061","KR","South Korea","elite proxy","","no","15 secs ago"
"212.107.31.118","80","JP","Japan","anonymous","yes","no","15 secs ago"
"103.133.221.251","80","IN","India","elite proxy","yes","no","15 secs ago"
"68.188.59.198","80","US","United States","anonymous","no","no","15 secs ago"
"107.1.93.218","80","US","United States","anonymous","no","no","15 secs ago"
"142.11.232.45","80","US","United States","elite proxy","yes","no","15 secs ago"
"50.230.222.202","80","US","United States","anonymous","no","no","15 secs ago"
"50.172.75.126","80","US","United States","anonymous","no","no","15 secs ago"
"50.217.226.43","80","US","United States","anonymous","no","no","15 secs ago"
"213.33.126.130","80","AT","Austria","anonymous","no","no","15 secs ago"
"50.171.32.228","80","US","United States","anonymous","no","no","15 secs ago"
"59.26.254.243","80","KR","South Korea","anonymous","","no","15 secs ago"
"162.223.91.11","80","US","United States","anonymous","","no","15 secs ago"
"50.222.245.44","80","US","United States","anonymous","no","no","15 secs ago"
"127.0.0.7","80","","Unknown","anonymous","no","no","15 secs ago"
"50.206.25.107","80","US","United States","anonymous","no","no","15 secs ago"
"82.223.102.92","9443","ES","Spain","elite proxy","yes","no","15 secs ago"
"0.0.0.0","80","","Unknown","anonymous","no","no","15 secs ago"
"50.168.163.178","80","US","United States","anonymous","no","no","15 secs ago"
"85.8.68.2","80","DE","Germany","anonymous","no","no","15 secs ago"
"50.200.12.84","80","US","United States","anonymous","no","no","15 secs ago"
"107.1.93.211","80","US","United States","anonymous","no","no","15 secs ago"
"103.221.55.101","8080","BD","Bangladesh","transparent","no","no","7 mins ago"
"36.95.15.146","8080","ID","Indonesia","transparent","no","no","8 mins ago"
"38.156.73.132","8080","TR","Turkey","transparent","no","no","8 mins ago"
"47.243.242.70","20000","HK","Hong Kong","elite proxy","","no","10 mins ago"
"202.165.75.11","5772","US","United States","transparent","no","no","10 mins ago"
"209.250.11.24","4078","US","United States","transparent","no","no","10 mins ago"
"139.64.196.179","6634","US","United States","transparent","no","no","10 mins ago"
"202.165.74.206","6409","US","United States","transparent","no","no","10 mins ago"
"209.250.20.120","7455","US","United States","transparent","no","no","10 mins ago"
"204.242.166.128","5691","US","United States","transparent","no","no","10 mins ago"
"202.165.75.33","5475","US","United States","transparent","no","no","10 mins ago"
"202.165.78.13","5604","US","United States","transparent","no","no","10 mins ago"
"209.250.10.132","7793","US","United States","transparent","no","no","10 mins ago"
"204.242.172.177","5218","US","United States","transparent","no","no","10 mins ago"
"198.98.60.66","80","US","United States","anonymous","yes","no","10 mins ago"
"202.165.72.176","5527","US","United States","transparent","no","no","10 mins ago"
"109.121.17.36","4054","US","United States","transparent","no","no","10 mins ago"
"109.121.16.90","4745","US","United States","transparent","no","no","10 mins ago"
"43.157.105.92","8888","DE","Germany","anonymous","","no","10 mins ago"
"104.171.174.166","4090","US","United States","transparent","no","no","10 mins ago"
"204.242.166.137","5631","US","United States","transparent","no","no","10 mins ago"
"149.18.29.48","8085","US","United States","transparent","no","no","10 mins ago"
"109.121.16.30","4879","US","United States","transparent","no","no","10 mins ago"
"209.250.20.135","7801","US","United States","transparent","no","no","10 mins ago"
"204.242.172.252","5200","US","United States","transparent","no","no","10 mins ago"
"139.64.196.219","6683","US","United States","transparent","no","no","10 mins ago"
"162.223.89.84","80","US","United States","anonymous","","no","10 mins ago"
"45.94.135.150","4974","US","United States","transparent","no","no","10 mins ago"
"142.44.210.174","80","CA","Canada","elite proxy","","no","10 mins ago"
"198.27.115.215","80","CA","Canada","anonymous","","no","10 mins ago"
"209.250.11.164","4392","US","United States","transparent","no","no","10 mins ago"
"109.121.16.19","4584","US","United States","transparent","no","no","10 mins ago"
"109.121.16.116","4419","US","United States","transparent","no","no","10 mins ago"
"113.161.131.43","80","VN","Vietnam","anonymous","","no","10 mins ago"
"45.94.135.117","4482","US","United States","transparent","no","no","10 mins ago"
"209.250.10.162","7578","US","United States","transparent","no","no","10 mins ago"
"45.94.135.39","4005","US","United States","transparent","no","no","10 mins ago"
"109.121.16.24","4078","US","United States","transparent","no","no","10 mins ago"
"204.242.168.63","4871","US","United States","transparent","no","no","10 mins ago"
"45.43.7.32","4471","US","United States","transparent","no","no","10 mins ago"
"45.94.135.214","4724","US","United States","transparent","no","no","10 mins ago"
"209.250.10.206","7403","US","United States","transparent","no","no","10 mins ago"
"104.171.166.225","4881","US","United States","transparent","no","no","10 mins ago"
"204.242.166.112","5044","US","United States","transparent","no","no","10 mins ago"
"204.242.172.147","5168","US","United States","transparent","no","no","10 mins ago"
"45.94.135.71","4914","US","United States","transparent","no","no","10 mins ago"
"45.43.7.136","4822","US","United States","transparent","no","no","10 mins ago"
"104.171.166.65","4104","US","United States","transparent","no","no","10 mins ago"
"196.20.125.145","8083","DZ","Algeria","elite proxy","","no","10 mins ago"
"116.203.28.43","80","DE","Germany","anonymous","","no","10 mins ago"
"202.165.78.45","5873","US","United States","transparent","no","no","10 mins ago"
"104.171.166.250","4222","US","United States","transparent","no","no","10 mins ago"
"104.171.166.151","4045","US","United States","transparent","no","no","10 mins ago"
"85.239.58.222","8085","US","United States","transparent","no","no","10 mins ago"
"104.171.174.174","4471","US","United States","transparent","no","no","10 mins ago"
"104.171.166.111","4213","US","United States","transparent","no","no","10 mins ago"
"198.49.68.80","80","US","United States","elite proxy","no","no","10 mins ago"
"45.43.7.144","4480","US","United States","transparent","no","no","10 mins ago"
"209.250.10.112","7180","US","United States","transparent","no","no","10 mins ago"
"109.121.17.84","4877","US","United States","transparent","no","no","10 mins ago"
"104.171.166.198","4997","US","United States","transparent","no","no","10 mins ago"
"209.250.20.155","7274","US","United States","transparent","no","no","10 mins ago"
"202.165.72.207","6548","US","United States","transparent","no","no","10 mins ago"
"104.171.166.79","4493","US","United States","transparent","no","no","10 mins ago"
"204.242.166.85","5514","US","United States","transparent","no","no","10 mins ago"
"209.250.20.16","7819","US","United States","transparent","no","no","10 mins ago"
"209.250.20.150","7800","US","United States","transparent","no","no","10 mins ago"
"209.250.11.174","4963","US","United States","transparent","no","no","10 mins ago"
"204.242.168.183","4916","US","United States","transparent","no","no","10 mins ago"
"45.94.135.49","4105","US","United States","transparent","no","no","10 mins ago"
"45.43.7.158","4313","US","United States","transparent","no","no","10 mins ago"
"45.94.135.82","4178","US","United States","transparent","no","no","10 mins ago"
"202.165.74.118","5010","US","United States","transparent","no","no","10 mins ago"
"185.77.223.125","8085","US","United States","transparent","no","no","10 mins ago"
"204.242.172.82","5050","US","United States","transparent","no","no","10 mins ago"
"104.171.174.71","4207","US","United States","transparent","no","no","10 mins ago"
"104.171.166.155","4089","US","United States","transparent","no","no","10 mins ago"
"202.165.78.244","5631","US","United States","transparent","no","no","10 mins ago"
"202.165.72.180","6716","US","United States","transparent","no","no","10 mins ago"
"209.250.11.118","4642","US","United States","transparent","no","no","10 mins ago"
"45.94.135.188","4342","US","United States","transparent","no","no","10 mins ago"
"109.121.17.126","4445","US","United States","transparent","no","no","10 mins ago"
"139.64.196.150","5711","US","United States","transparent","no","no","10 mins ago"
"202.165.78.178","5788","US","United States","transparent","no","no","10 mins ago"
"20.157.194.61","80","US","United States","anonymous","","no","10 mins ago"
"104.171.174.12","4207","US","United States","transparent","no","no","10 mins ago"
"204.242.172.124","5151","US","United States","transparent","no","no","10 mins ago"
"202.165.75.237","5503","US","United States","transparent","no","no","10 mins ago"
"4.175.121.88","80","NL","Netherlands","anonymous","no","no","10 mins ago"
"8.210.37.63","8081","HK","Hong Kong","elite proxy","","no","10 mins ago"
"8.219.43.134","1234","SG","Singapore","elite proxy","","no","10 mins ago"
"186.3.65.194","2020","EC","Ecuador","transparent","no","no","10 mins ago"
"123.205.68.113","8193","TW","Taiwan","anonymous","","no","10 mins ago"
"47.243.50.83","80","HK","Hong Kong","elite proxy","","no","10 mins ago"
"50.200.12.82","80","US","United States","anonymous","no","no","10 mins ago"
"50.174.145.10","80","US","United States","anonymous","no","no","10 mins ago"
"50.239.72.19","80","US","United States","anonymous","no","no","10 mins ago"
"50.217.226.47","80","US","United States","anonymous","no","no","10 mins ago"
"50.221.230.186","80","US","United States","anonymous","no","no","10 mins ago"
"50.174.145.15","80","US","United States","anonymous","no","no","10 mins ago"
"50.168.72.112","80","US","United States","anonymous","no","no","10 mins ago"
"50.174.145.12","80","US","United States","anonymous","no","no","10 mins ago"
"50.227.121.33","80","US","United States","anonymous","no","no","10 mins ago"
"50.227.121.32","80","US","United States","anonymous","no","no","10 mins ago"
"50.228.141.101","80","US","United States","anonymous","no","no","10 mins ago"
"50.218.57.65","80","US","United States","anonymous","no","no","10 mins ago"
"50.206.111.90","80","US","United States","anonymous","no","no","10 mins ago"
"50.174.7.162","80","US","United States","anonymous","no","no","10 mins ago"
"50.228.141.97","80","US","United States","anonymous","no","no","10 mins ago"
"50.204.233.30","80","US","United States","anonymous","no","no","10 mins ago"
"107.1.93.210","80","US","United States","anonymous","no","no","10 mins ago"
"50.172.75.123","80","US","United States","anonymous","no","no","10 mins ago"
"50.204.219.231","80","US","United States","anonymous","no","no","10 mins ago"
"50.168.163.180","80","US","United States","anonymous","no","no","10 mins ago"
"50.206.25.110","80","US","United States","anonymous","no","no","10 mins ago"
"50.171.32.227","80","US","United States","anonymous","no","no","10 mins ago"
"50.170.90.26","80","US","United States","anonymous","no","no","10 mins ago"
"50.174.145.11","80","US","United States","anonymous","no","no","10 mins ago"
"50.223.38.6","80","US","United States","anonymous","no","no","10 mins ago"
"50.222.245.40","80","US","United States","anonymous","no","no","10 mins ago"
"50.218.57.64","80","US","United States","anonymous","no","no","10 mins ago"
"50.168.210.238","80","US","United States","anonymous","no","no","10 mins ago"
"107.1.93.221","80","US","United States","anonymous","no","no","10 mins ago"
"50.168.210.226","80","US","United States","anonymous","no","no","10 mins ago"
"50.227.121.38","80","US","United States","anonymous","no","no","10 mins ago"
"50.207.199.84","80","US","United States","anonymous","no","no","10 mins ago"
"50.174.41.66","80","US","United States","anonymous","no","no","10 mins ago"
"50.218.57.71","80","US","United States","anonymous","no","no","10 mins ago"
"66.191.31.158","80","US","United States","anonymous","no","no","10 mins ago"
"50.168.163.166","80","US","United States","anonymous","no","no","10 mins ago"
"50.174.7.153","80","US","United States","anonymous","no","no","10 mins ago"
"50.206.25.105","80","US","United States","anonymous","no","no","10 mins ago"
"50.204.219.227","80","US","United States","anonymous","no","no","10 mins ago"
"50.173.140.151","80","US","United States","anonymous","no","no","10 mins ago"
"50.168.163.176","80","US","United States","anonymous","no","no","10 mins ago"
"50.227.121.39","80","US","United States","anonymous","no","no","10 mins ago"
"50.228.141.100","80","US","United States","anonymous","no","no","10 mins ago"
"107.1.93.215","80","US","United States","anonymous","no","no","10 mins ago"
"50.222.245.41","80","US","United States","anonymous","no","no","10 mins ago"
"50.168.72.114","80","US","United States","anonymous","no","no","10 mins ago"
"50.218.57.74","80","US","United States","anonymous","no","no","10 mins ago"
"50.206.111.91","80","US","United States","anonymous","no","no","10 mins ago"
"50.222.245.47","80","US","United States","anonymous","no","no","10 mins ago"
"107.1.93.216","80","US","United States","anonymous","no","no","10 mins ago"
"50.206.25.111","80","US","United States","anonymous","no","no","10 mins ago"
"50.173.140.144","80","US","United States","anonymous","no","no","10 mins ago"
"107.1.93.220","80","US","United States","anonymous","no","no","10 mins ago"
"50.207.199.87","80","US","United States","anonymous","no","no","10 mins ago"
"50.173.140.150","80","US","United States","anonymous","no","no","10 mins ago"
"50.227.121.37","80","US","United States","anonymous","no","no","10 mins ago"
"50.239.72.16","80","US","United States","anonymous","no","no","10 mins ago"
"50.173.140.147","80","US","United States","anonymous","no","no","10 mins ago"
"107.1.93.213","80","US","United States","anonymous","no","no","10 mins ago"
"107.1.93.219","80","US","United States","anonymous","no","no","10 mins ago"
"50.200.12.86","80","US","United States","anonymous","no","no","10 mins ago"
"107.1.93.208","80","US","United States","anonymous","no","no","10 mins ago"
"50.172.75.124","80","US","United States","anonymous","no","no","10 mins ago"
"50.168.163.183","80","US","United States","anonymous","no","no","10 mins ago"
"50.168.210.236","80","US","United States","anonymous","no","no","10 mins ago"
"50.206.25.109","80","US","United States","anonymous","no","no","10 mins ago"
"50.168.72.115","80","US","United States","anonymous","no","no","10 mins ago"
"50.171.152.30","80","US","United States","anonymous","no","no","10 mins ago"
"50.200.12.83","80","US","United States","anonymous","no","no","10 mins ago"
"50.228.141.102","80","US","United States","anonymous","no","no","10 mins ago"
"158.140.190.221","6868","ID","Indonesia","transparent","no","no","11 mins ago"
"14.192.3.161","83","IN","India","transparent","no","no","11 mins ago"
"158.101.10.248","3128","US","United States","transparent","no","no","15 mins ago"
"167.71.74.149","3128","NL","Netherlands","transparent","no","no","15 mins ago"
"182.253.112.189","3128","ID","Indonesia","transparent","no","no","15 mins ago"
"103.159.194.245","8080","ID","Indonesia","transparent","no","no","15 mins ago"
"51.79.71.106","8080","CA","Canada","transparent","no","no","19 mins ago"
"50.174.7.152","80","US","United States","anonymous","no","no","20 mins ago"
"50.221.166.2","80","US","United States","anonymous","no","no","20 mins ago"
"50.207.199.85","80","US","United States","anonymous","no","no","20 mins ago"
"50.173.140.138","80","US","United States","anonymous","no","no","20 mins ago"
"107.1.93.222","80","US","United States","anonymous","no","no","20 mins ago"
"50.217.29.198","80","US","United States","anonymous","no","no","20 mins ago"
"50.169.135.10","80","US","United States","anonymous","no","no","20 mins ago"
"50.200.12.80","80","US","United States","anonymous","no","no","20 mins ago"
"50.218.57.69","80","US","United States","anonymous","no","no","20 mins ago"
"50.168.163.181","80","US","United States","anonymous","no","no","20 mins ago"
"50.204.219.229","80","US","United States","anonymous","no","no","20 mins ago"
"50.170.90.31","80","US","United States","anonymous","no","no","20 mins ago"
"50.207.199.81","80","US","United States","anonymous","no","no","20 mins ago"
"50.228.141.96","80","US","United States","anonymous","no","no","20 mins ago"
"50.173.140.149","80","US","United States","anonymous","no","no","20 mins ago"
"50.217.226.42","80","US","United States","anonymous","no","no","20 mins ago"
"50.218.57.66","80","US","United States","anonymous","no","no","20 mins ago"
"47.88.62.42","80","US","United States","anonymous","no","no","20 mins ago"
"50.227.121.35","80","US","United States","anonymous","no","no","20 mins ago"
"50.204.219.230","80","US","United States","anonymous","no","no","20 mins ago"
"50.207.199.80","80","US","United States","anonymous","no","no","20 mins ago"
"50.169.37.50","80","US","United States","anonymous","no","no","20 mins ago"
"50.222.245.43","80","US","United States","anonymous","no","no","20 mins ago"
"50.228.141.103","80","US","United States","anonymous","no","no","20 mins ago"
"50.217.226.44","80","US","United States","anonymous","no","no","20 mins ago"
"50.174.7.156","80","US","United States","anonymous","no","no","20 mins ago"
"50.239.72.18","80","US","United States","anonymous","no","no","20 mins ago"
"50.227.121.36","80","US","United States","anonymous","no","no","20 mins ago"
"50.168.72.113","80","US","United States","anonymous","no","no","20 mins ago"